Date,Open,High,Low,Close,Adj Close,Volume,Returns
2020-01-03,74.2875,75.145,74.125,74.3575,72.251144,146322800.0,-0.009721875
2020-01-06,73.4475,74.99,73.1875,74.95,72.82686,118387200.0,0.007968235
2020-01-07,74.96,75.225,74.37,74.5975,72.484344,108872000.0,-0.004703128
2020-01-08,74.29,76.11,74.29,75.7975,73.650345,132079200.0,0.016086238
2020-01-09,76.81,77.6075,76.55,77.4075,75.21473,170108400.0,0.021240694
2020-01-10,77.65,78.1675,77.0625,77.5825,75.384766,140644800.0,0.0022606784
2020-01-13,77.91,79.2675,77.7875,79.24,76.99532,121532000.0,0.021364497
2020-01-14,79.175,79.3925,78.0425,78.17,75.95563,161954400.0,-0.013503362
2020-01-15,77.9625,78.875,77.3875,77.835,75.63013,121923600.0,-0.004285403
2020-01-16,78.3975,78.925,78.0225,78.81,76.57751,108829200.0,0.012526491
2020-01-17,79.0675,79.685,78.75,79.6825,77.42529,137816400.0,0.011070953
2020-01-21,79.2975,79.755,79.0,79.1425,76.9006,110843200.0,-0.0067768083
2020-01-22,79.645,79.9975,79.3275,79.425,77.17508,101832400.0,0.0035693184
2020-01-23,79.48,79.89,78.9125,79.8075,77.54676,104472000.0,0.004816078
2020-01-24,80.0625,80.8325,79.38,79.5775,77.32327,146537600.0,-0.0028819754
2020-01-27,77.515,77.9425,76.22,77.2375,75.04956,161940000.0,-0.029405275
2020-01-28,78.15,79.6,78.0475,79.4225,77.17267,162234000.0,0.028289411
2020-01-29,81.1125,81.9625,80.345,81.085,78.78808,216229200.0,0.020932408
2020-01-30,80.135,81.0225,79.6875,80.9675,78.6739,126743200.0,-0.0014492233
2020-01-31,80.2325,80.67,77.0725,77.3775,75.185585,199588400.0,-0.04433887
2020-02-03,76.075,78.3725,75.555,77.165,74.97912,173788400.0,-0.0027460938
2020-02-04,78.8275,79.91,78.4075,79.7125,77.45445,136616400.0,0.033013646
2020-02-05,80.88,81.19,79.7375,80.3625,78.08603,118826800.0,0.008154167
2020-02-06,80.6425,81.305,80.065,81.3025,78.99941,105425600.0,0.011697143
2020-02-07,80.5925,80.85,79.5,80.0075,77.9256,117684000.0,-0.013592688
2020-02-10,78.545,80.3875,78.4625,80.3875,78.29569,109348800.0,0.004749329
2020-02-11,80.9,80.975,79.6775,79.9025,77.82333,94323200.0,-0.0060330103
2020-02-12,80.3675,81.805,80.3675,81.8,79.67147,113730400.0,0.02374785
2020-02-13,81.0475,81.555,80.8375,81.2175,79.10412,94747600.0,-0.0071211476
2020-02-14,81.185,81.495,80.7125,81.2375,79.123604,80113600.0,0.0002463269
2020-02-18,78.84,79.9375,78.6525,79.75,77.67479,152531200.0,-0.018310774
2020-02-19,80.0,81.1425,80.0,80.905,78.79975,93984000.0,0.014482972
2020-02-20,80.6575,81.1625,79.5525,80.075,77.99134,100566000.0,-0.010259051
2020-02-21,79.655,80.1125,77.625,78.2625,76.226,129554000.0,-0.022635112
2020-02-24,74.315,76.045,72.3075,74.545,72.60524,222195200.0,-0.047500305
2020-02-25,75.2375,75.6325,71.5325,72.02,70.145935,230673600.0,-0.033872277
2020-02-26,71.6325,74.47,71.625,73.1625,71.25871,198054800.0,0.015863752
2020-02-27,70.275,71.5,68.24,68.38,66.60065,320605600.0,-0.06536837
2020-02-28,64.315,69.6025,64.0925,68.34,66.5617,426510000.0,-0.00058480003
2020-03-02,70.57,75.36,69.43,74.7025,72.75864,341397200.0,0.09310065
2020-03-03,75.9175,76.0,71.45,72.33,70.447876,319475600.0,-0.031759262
2020-03-04,74.11,75.85,73.2825,75.685,73.715576,219178400.0,0.04638465
2020-03-05,73.88,74.8875,72.8525,73.23,71.324455,187572800.0,-0.03243712
2020-03-06,70.5,72.705,70.3075,72.2575,70.37726,226176800.0,-0.013280115
2020-03-09,65.9375,69.5225,65.75,66.5425,64.810974,286744800.0,-0.079092085
2020-03-10,69.285,71.61,67.3425,71.335,69.478775,285290000.0,0.07202177
2020-03-11,69.3475,70.305,67.965,68.8575,67.06572,255598800.0,-0.03473083
2020-03-12,63.985,67.5,62.0,62.0575,60.442677,418474000.0,-0.098754525
2020-03-13,66.2225,69.98,63.2375,69.4925,67.684204,370732000.0,0.11980819
2020-03-16,60.4875,64.77,60.0,60.5525,58.976845,322423600.0,-0.12864685
2020-03-17,61.8775,64.4025,59.6,63.215,61.570057,324056000.0,0.043970004
2020-03-18,59.9425,62.5,59.28,61.6675,60.062824,300233600.0,-0.024479963
2020-03-19,61.8475,63.21,60.6525,61.195,59.602623,271857200.0,-0.0076619983
2020-03-20,61.795,62.9575,57.0,57.31,55.818714,401693200.0,-0.06348561
2020-03-23,57.02,57.125,53.1525,56.0925,54.632896,336752800.0,-0.021244088
2020-03-24,59.09,61.9225,58.575,61.72,60.113956,287531200.0,0.10032527
2020-03-25,62.6875,64.5625,61.075,61.38,59.782803,303602000.0,-0.0055087684
2020-03-26,61.63,64.67,61.59,64.61,62.928764,252087200.0,0.05262319
2020-03-27,63.1875,63.9675,61.7625,61.935,60.32336,204216800.0,-0.041402433
2020-03-30,62.685,63.88,62.35,63.7025,62.04487,167976400.0,0.028538
2020-03-31,63.9,65.6225,63.0,63.5725,61.91825,197002000.0,-0.0020407399
2020-04-01,61.625,62.18,59.7825,60.2275,58.660294,176218400.0,-0.052617077
2020-04-02,60.085,61.2875,59.225,61.2325,59.639137,165934000.0,0.016686648
2020-04-03,60.7,61.425,59.7425,60.3525,58.78205,129880000.0,-0.014371203
2020-04-06,62.725,65.7775,62.345,65.6175,63.910027,201820400.0,0.0872371
2020-04-07,67.7,67.925,64.75,64.8575,63.169823,202887200.0,-0.011581968
2020-04-08,65.685,66.8425,65.3075,66.5175,64.78663,168895200.0,0.025594596
2020-04-09,67.175,67.5175,66.175,66.9975,65.25413,161834800.0,0.0072159762
2020-04-13,67.0775,68.425,66.4575,68.3125,66.53491,131022800.0,0.019627642
2020-04-14,70.0,72.0625,69.5125,71.7625,69.89514,194994800.0,0.050503254
2020-04-15,70.6,71.5825,70.1575,71.1075,69.25719,131154400.0,-0.009127311
2020-04-16,71.845,72.05,70.5875,71.6725,69.80747,157125200.0,0.007945534
2020-04-17,71.1725,71.7375,69.215,70.7,68.8603,215250000.0,-0.013568376
2020-04-20,69.4875,70.42,69.2125,69.2325,67.430984,130015200.0,-0.020756716
2020-04-21,69.07,69.3125,66.3575,67.0925,65.34666,180991600.0,-0.030910533
2020-04-22,68.4025,69.475,68.05,69.025,67.228874,116862400.0,0.028803576
2020-04-23,68.9675,70.4375,68.7175,68.7575,66.96833,124814400.0,-0.0038754751
2020-04-24,69.3,70.7525,69.25,70.7425,68.90169,126161200.0,0.028869724
2020-04-27,70.45,71.135,69.9875,70.7925,68.950386,117087600.0,0.00070678134
2020-04-28,71.27,71.4575,69.55,69.645,67.83274,112004800.0,-0.016209412
2020-04-29,71.1825,72.4175,70.9725,71.9325,70.06071,137280800.0,0.032844998
2020-04-30,72.49,73.6325,72.0875,73.45,71.53874,183064000.0,0.02109649
2020-05-01,71.5625,74.75,71.4625,72.2675,70.387,240616800.0,-0.016099542
2020-05-04,72.2925,73.4225,71.58,73.29,71.38289,133568000.0,0.014148746
2020-05-05,73.765,75.25,73.615,74.39,72.45427,147751200.0,0.015008927
2020-05-06,75.115,75.81,74.7175,75.1575,73.201805,142333600.0,0.010317345
2020-05-07,75.805,76.2925,75.4925,75.935,73.95907,115215200.0,0.01034487
2020-05-08,76.41,77.5875,76.0725,77.5325,75.71941,133838400.0,0.023801617
2020-05-11,77.025,79.2625,76.81,78.7525,76.9109,145946400.0,0.015735496
2020-05-12,79.4575,79.9225,77.7275,77.8525,76.03193,162301200.0,-0.011428384
2020-05-13,78.0375,78.9875,75.8025,76.9125,75.113914,200622400.0,-0.012074066
2020-05-14,76.1275,77.4475,75.3825,77.385,75.57536,158929200.0,0.006143318
2020-05-15,75.0875,76.975,75.0525,76.9275,75.128555,166348400.0,-0.0059120837
2020-05-18,78.2925,79.125,77.58,78.74,76.89866,135178400.0,0.023560993
2020-05-19,78.7575,79.63,78.2525,78.285,76.4543,101729600.0,-0.005778499
2020-05-20,79.17,79.88,79.13,79.8075,77.941216,111504800.0,0.019448424
2020-05-21,79.665,80.2225,78.9675,79.2125,77.360115,102688800.0,-0.0074556246
2020-05-22,78.9425,79.8075,78.8375,79.7225,77.8582,81803200.0,0.006438525
2020-05-26,80.875,81.06,79.125,79.1825,77.330826,125522000.0,-0.0067735226
2020-05-27,79.035,79.6775,78.2725,79.5275,77.667755,112945200.0,0.004356986
2020-05-28,79.1925,80.86,78.9075,79.5625,77.701935,133560800.0,0.00044007564
2020-05-29,79.8125,80.2875,79.1175,79.485,77.62625,153532400.0,-0.0009740246
2020-06-01,79.4375,80.5875,79.3025,80.4625,78.580894,80791200.0,0.012297943
2020-06-02,80.1875,80.86,79.7325,80.835,78.94469,87642800.0,0.0046295277
2020-06-03,81.165,81.55,80.575,81.28,79.37927,104491200.0,0.0055049374
2020-06-04,81.0975,81.405,80.195,80.58,78.69563,87560400.0,-0.008612318
2020-06-05,80.8375,82.9375,80.8075,82.875,80.93698,137250400.0,0.028481228
2020-06-08,82.5625,83.4,81.83,83.365,81.41551,95654400.0,0.0059123887
2020-06-09,83.035,86.4025,83.0025,85.9975,83.986465,147712400.0,0.031578176
2020-06-10,86.975,88.6925,86.5225,88.21,86.14721,166651600.0,0.025727285
2020-06-11,87.3275,87.765,83.87,83.975,82.01126,201662400.0,-0.04801024
2020-06-12,86.18,86.95,83.555,84.7,82.719315,200146000.0,0.0086336145
2020-06-15,83.3125,86.42,83.145,85.7475,83.74232,138808800.0,0.012367155
2020-06-16,87.865,88.3,86.18,88.02,85.96167,165428800.0,0.026502166
2020-06-17,88.7875,88.85,87.7725,87.8975,85.84204,114406400.0,-0.001391654
2020-06-18,87.8525,88.3625,87.305,87.9325,85.87622,96820400.0,0.00039816956
2020-06-19,88.66,89.14,86.2875,87.43,85.38547,264476000.0,-0.0057146573
2020-06-22,87.835,89.865,87.7875,89.7175,87.61947,135445200.0,0.026163716
2020-06-23,91.0,93.095,90.5675,91.6325,89.48969,212155600.0,0.021344846
2020-06-24,91.25,92.1975,89.63,90.015,87.909996,192623200.0,-0.017652275
2020-06-25,90.175,91.25,89.3925,91.21,89.07706,137522400.0,0.013275633
2020-06-26,91.1025,91.33,88.255,88.4075,86.340096,205256800.0,-0.030725772
2020-06-29,88.3125,90.5425,87.82,90.445,88.32996,130646000.0,0.02304686
2020-06-30,90.02,91.495,90.0,91.2,89.06729,140223200.0,0.008347423
2020-07-01,91.28,91.84,90.9775,91.0275,88.898834,110737200.0,-0.0018913456
2020-07-02,91.9625,92.6175,90.91,91.0275,88.898834,114041600.0,0.0
2020-07-06,92.5,93.945,92.4675,93.4625,91.276886,118655600.0,0.02675009
2020-07-07,93.8525,94.655,93.0575,93.1725,90.993675,112424400.0,-0.0031027652
2020-07-08,94.18,95.375,94.09,95.3425,93.11292,117092000.0,0.023290053
2020-07-09,96.2625,96.3175,94.6725,95.7525,93.51337,125642800.0,0.004300628
2020-07-10,95.335,95.98,94.705,95.92,93.67693,90257200.0,0.0017491252
2020-07-13,97.265,99.955,95.2575,95.4775,93.24477,191649200.0,-0.0046133776
2020-07-14,94.84,97.255,93.8775,97.0575,94.787834,170989200.0,0.016548574
2020-07-15,98.99,99.2475,96.49,97.725,95.43971,153198000.0,0.0068772365
2020-07-16,96.5625,97.405,95.905,96.5225,94.26534,110577600.0,-0.012304834
2020-07-17,96.9875,97.1475,95.84,96.3275,94.07489,92186800.0,-0.0020203881
2020-07-20,96.4175,98.5,96.0625,98.3575,96.057434,90318000.0,0.021074103
2020-07-21,99.1725,99.25,96.7425,97.0,94.731674,103433200.0,-0.013801741
2020-07-22,96.6925,97.975,96.6025,97.2725,94.997795,89001600.0,0.0028092072
2020-07-23,96.9975,97.0775,92.01,92.845,90.67384,197004400.0,-0.04551634
2020-07-24,90.9875,92.97,89.145,92.615,90.44922,185438800.0,-0.0024772815
2020-07-27,93.71,94.905,93.48,94.81,92.592865,121214000.0,0.023699997
2020-07-28,94.3675,94.55,93.2475,93.2525,91.071815,103625600.0,-0.016427286
2020-07-29,93.75,95.23,93.7125,95.04,92.817505,90329200.0,0.019168273
2020-07-30,94.1875,96.2975,93.7675,96.19,93.940605,158130000.0,0.012100091
2020-07-31,102.885,106.415,100.825,106.26,103.77512,374336800.0,0.10468868
2020-08-03,108.2,111.6375,107.8925,108.9375,106.39001,308151200.0,0.025197593
2020-08-04,109.1325,110.79,108.3875,109.665,107.10052,173071600.0,0.0066783554
2020-08-05,109.3775,110.3925,108.8975,110.0625,107.4887,121776800.0,0.003624479
2020-08-06,110.405,114.4125,109.7975,113.9025,111.238914,202428800.0,0.034889374
2020-08-07,113.205,113.675,110.2925,111.1125,108.7098,198045600.0,-0.022735873
2020-08-10,112.6,113.775,110.0,112.7275,110.28988,212403600.0,0.014534826
2020-08-11,111.97,112.4825,109.1075,109.375,107.00987,187902400.0,-0.029739868
2020-08-12,110.4975,113.275,110.2975,113.01,110.56627,165598000.0,0.033234283
2020-08-13,114.43,116.0425,113.9275,115.01,112.523026,210082000.0,0.017697591
2020-08-14,114.83,115.0,113.045,114.9075,112.42273,165565200.0,-0.00089133775
2020-08-17,116.0625,116.0875,113.9625,114.6075,112.12922,119561600.0,-0.002610775
2020-08-18,114.3525,116.0,114.0075,115.5625,113.06358,105633600.0,0.008332925
2020-08-19,115.9825,117.1625,115.61,115.7075,113.205444,145538000.0,0.0012547007
2020-08-20,115.75,118.3925,115.7325,118.275,115.717415,126907200.0,0.022189485
2020-08-21,119.2625,124.8675,119.25,124.37,121.680626,338054800.0,0.05153253
2020-08-24,128.6975,128.785,123.9375,125.8575,123.13596,345937600.0,0.011960306
2020-08-25,124.6975,125.18,123.0525,124.825,122.12578,211495600.0,-0.008203819
2020-08-26,126.18,126.9925,125.0825,126.5225,123.786575,163022400.0,0.013599071
2020-08-27,127.1425,127.485,123.8325,125.01,122.30679,155552400.0,-0.011954302
2020-08-28,126.0125,126.4425,124.5775,124.8075,122.10865,187630000.0,-0.001620049
2020-08-31,127.58,131.0,126.0,129.04,126.24965,225702700.0,0.033912413
2020-09-01,132.76,134.8,130.53,134.18,131.27849,151948100.0,0.0398325
2020-09-02,137.59,137.98,127.0,131.4,128.55861,200119000.0,-0.020718392
2020-09-03,126.91,128.84,120.5,120.88,118.26608,257599600.0,-0.08006097
2020-09-04,120.07,123.7,110.89,120.96,118.34435,332607200.0,0.0006618124
2020-09-08,113.95,118.99,112.68,112.82,110.380394,231366600.0,-0.06729479
2020-09-09,117.26,119.14,115.26,117.32,114.78307,176940500.0,0.039886426
2020-09-10,120.36,120.5,112.5,113.49,111.0359,182274400.0,-0.03264573
2020-09-11,114.57,115.23,110.0,112.0,109.57811,180860300.0,-0.013128966
2020-09-14,114.72,115.93,112.8,115.36,112.86546,140150100.0,0.030000092
2020-09-15,118.33,118.83,113.61,115.54,113.04157,184642000.0,0.0015603473
2020-09-16,115.23,116.0,112.04,112.13,109.705284,154679000.0,-0.02951382
2020-09-17,109.72,112.2,108.71,110.34,107.954,178011000.0,-0.015963513
2020-09-18,110.4,110.88,106.09,106.84,104.5297,287104900.0,-0.03172
2020-09-21,104.54,110.19,103.1,110.08,107.69964,195713800.0,0.030325707
2020-09-22,112.68,112.86,109.16,111.81,109.39222,183055400.0,0.015715756
2020-09-23,111.62,112.11,106.77,107.12,104.803635,150718700.0,-0.041946173
2020-09-24,105.17,110.25,105.0,108.22,105.87985,167743300.0,0.010268896
2020-09-25,108.43,112.44,107.67,112.28,109.852066,149981400.0,0.037516236
2020-09-28,115.01,115.32,112.78,114.96,112.474106,137672400.0,0.023868825
2020-09-29,114.55,115.31,113.57,114.09,111.622925,99382200.0,-0.0075677955
2020-09-30,113.79,117.26,113.62,115.81,113.30572,142675200.0,0.01507569
2020-10-01,117.64,117.72,115.83,116.79,114.26455,116120400.0,0.008462342
2020-10-02,112.89,115.37,112.22,113.02,110.57605,144712000.0,-0.03228035
2020-10-05,113.91,116.65,113.55,116.5,113.980804,106243800.0,0.030791068
2020-10-06,115.7,116.12,112.25,113.16,110.71303,161498200.0,-0.028669534
2020-10-07,114.62,115.55,114.13,115.08,112.59152,96849000.0,0.016967237
2020-10-08,116.25,116.4,114.59,114.97,112.4839,83477200.0,-0.00095584674
2020-10-09,115.28,117.0,114.92,116.97,114.44064,100506900.0,0.017395746
2020-10-12,120.06,125.18,119.28,124.4,121.70998,240226800.0,0.06352055
2020-10-13,125.27,125.39,119.65,121.1,118.48134,262330500.0,-0.026527306
2020-10-14,121.0,123.03,119.62,121.19,118.569405,150712000.0,0.0007432909
2020-10-15,118.72,121.2,118.15,120.71,118.09978,112559200.0,-0.0039607803
2020-10-16,121.28,121.55,118.81,119.02,116.446304,115393800.0,-0.014000644
2020-10-19,119.96,120.42,115.66,115.98,113.472046,120639300.0,-0.025541889
2020-10-20,116.2,118.98,115.63,117.51,114.968956,124423700.0,0.013191884
2020-10-21,116.67,118.71,116.45,116.87,114.342804,89946000.0,-0.0054462706
2020-10-22,117.45,118.04,114.59,115.75,113.24701,101988000.0,-0.009583416
2020-10-23,116.39,116.55,114.28,115.04,112.552376,82572600.0,-0.006133791
2020-10-26,114.01,116.55,112.88,115.05,112.562164,111850700.0,8.696852e-05
2020-10-27,115.49,117.28,114.54,116.6,114.078636,92276800.0,0.013472306
2020-10-28,115.05,115.43,111.1,111.2,108.795425,143937800.0,-0.046312008
2020-10-29,112.37,116.93,112.2,115.32,112.82632,146129200.0,0.03705019
2020-10-30,111.06,111.99,107.72,108.86,106.506,190272600.0,-0.056018136
2020-11-02,109.11,110.68,107.32,108.77,106.417946,122866900.0,-0.0008267219
2020-11-03,109.66,111.49,108.73,110.44,108.05184,107624400.0,0.015353574
2020-11-04,114.14,115.59,112.35,114.95,112.464325,138235500.0,0.040836725
2020-11-05,117.95,119.62,116.87,119.03,116.4561,126387100.0,0.035493705
2020-11-06,118.32,119.2,116.13,118.69,116.32378,114457900.0,-0.0011362584
2020-11-09,120.5,121.99,116.05,116.32,114.001045,154515300.0,-0.01996781
2020-11-10,115.55,117.59,114.13,115.97,113.658005,138023400.0,-0.0030090993
2020-11-11,117.19,119.63,116.44,119.49,117.10785,112295000.0,0.03035285
2020-11-12,119.62,120.53,118.57,119.21,116.83342,103162300.0,-0.0023433897
2020-11-13,119.44,119.67,117.87,119.26,116.88243,81581900.0,0.00041949668
2020-11-16,118.92,120.99,118.15,120.3,117.90169,91183000.0,0.008720358
2020-11-17,119.55,120.67,118.96,119.39,117.009834,74271000.0,-0.007564381
2020-11-18,118.61,119.82,118.0,118.03,115.67695,76322100.0,-0.011391228
2020-11-19,117.59,119.06,116.81,118.64,116.27476,74113000.0,0.005167917
2020-11-20,118.64,118.77,117.29,117.34,115.0007,73604300.0,-0.010957284
2020-11-23,117.18,117.62,113.75,113.85,111.58028,127959300.0,-0.029742649
2020-11-24,113.91,115.85,112.59,115.17,112.87396,113874200.0,0.011594216
2020-11-25,115.55,116.75,115.17,116.03,113.71681,76499200.0,0.007467176
2020-11-27,116.57,117.49,116.22,116.59,114.26565,46691300.0,0.004826338
2020-11-30,116.97,120.97,116.81,119.05,116.67662,169410200.0,0.021099715
2020-12-01,121.01,123.47,120.01,122.72,120.27345,127728200.0,0.03082736
2020-12-02,122.02,123.37,120.89,123.08,120.626274,89004200.0,0.0029334931
2020-12-03,123.52,123.78,122.21,122.94,120.48906,78967600.0,-0.0011375189
2020-12-04,122.6,122.86,121.52,122.25,119.81282,78260400.0,-0.0056124516
2020-12-07,122.31,124.57,122.25,123.75,121.28292,86712000.0,0.012269976
2020-12-08,124.37,124.98,123.09,124.38,121.90035,82225500.0,0.0050908374
2020-12-09,124.53,125.95,121.0,121.78,119.35217,115089200.0,-0.020903792
2020-12-10,120.5,123.87,120.15,123.24,120.78307,81312200.0,0.011988894
2020-12-11,122.43,122.76,120.55,122.41,119.96964,86939800.0,-0.006734642
2020-12-14,122.6,123.35,121.54,121.78,119.35217,79184500.0,-0.0051468834
2020-12-15,124.34,127.9,124.13,127.88,125.330574,157243700.0,0.050090425
2020-12-16,127.41,128.37,126.56,127.81,125.26198,98208600.0,-0.00054731965
2020-12-17,128.9,129.58,128.04,128.7,126.13422,94359800.0,0.006963311
2020-12-18,128.96,129.1,126.12,126.66,124.1349,192541500.0,-0.015850682
2020-12-21,125.02,128.31,123.45,128.23,125.6736,121251600.0,0.012395356
2020-12-22,131.61,134.41,129.65,131.88,129.25084,168904800.0,0.02846453
2020-12-23,132.16,132.43,130.78,130.96,128.3492,88223700.0,-0.006975907
2020-12-24,131.32,133.46,131.1,131.97,129.33902,54930100.0,0.0077119484
2020-12-28,133.99,137.34,133.51,136.69,133.96494,124486200.0,0.035765816
2020-12-29,138.05,138.79,134.34,134.87,132.18123,121047300.0,-0.013314728
2020-12-30,135.58,135.99,133.4,133.72,131.05414,96452100.0,-0.008526857
2020-12-31,134.08,134.74,131.72,132.69,130.04468,99116600.0,-0.0077026216
2021-01-04,133.52,133.61,126.76,129.41,126.830086,143301900.0,-0.024719136
2021-01-05,128.89,131.74,128.43,131.01,128.39815,97664900.0,0.012363485
2021-01-06,127.72,131.05,126.38,126.6,124.07609,155088000.0,-0.033661388
2021-01-07,128.36,131.63,127.86,130.92,128.31,109578200.0,0.034123495
2021-01-08,132.43,132.63,130.23,132.05,129.41745,105158200.0,0.008631068
2021-01-11,129.19,130.17,128.5,128.98,126.408646,100384500.0,-0.02324883
2021-01-12,128.5,129.69,126.86,128.8,126.23223,91951100.0,-0.0013955887
2021-01-13,128.76,131.45,128.49,130.89,128.28055,88636800.0,0.016226577
2021-01-14,130.8,131.0,128.76,128.91,126.34005,90221800.0,-0.015126988
2021-01-15,128.78,130.22,127.0,127.14,124.60534,111598500.0,-0.01373049
2021-01-19,127.78,128.71,126.94,127.83,125.281555,90757300.0,0.005426863
2021-01-20,128.66,132.49,128.55,132.03,129.39783,104319500.0,0.03285617
2021-01-21,133.8,139.67,133.59,136.87,134.14136,120150900.0,0.0366585
2021-01-22,136.28,139.85,135.02,139.07,136.29752,114459400.0,0.016073778
2021-01-25,143.07,145.09,136.54,142.92,140.07071,157611700.0,0.027683508
2021-01-26,143.6,144.3,141.37,143.16,140.30594,98390600.0,0.0016793625
2021-01-27,143.43,144.3,140.41,142.06,139.22787,140843800.0,-0.007683666
2021-01-28,139.52,141.99,136.7,137.09,134.357,142621100.0,-0.03498495
2021-01-29,135.83,136.74,130.21,131.96,129.32924,177523800.0,-0.037420873
2021-02-01,133.75,135.38,130.93,134.14,131.46577,106239800.0,0.016520128
2021-02-02,135.73,136.31,134.61,134.99,132.29886,83305400.0,0.0063368897
2021-02-03,135.76,135.77,133.61,133.94,131.26978,89880900.0,-0.007778474
2021-02-04,136.3,137.4,134.59,137.39,134.65096,84183100.0,0.02575749
2021-02-05,137.35,137.42,135.86,136.76,134.23383,75693800.0,-0.0030978578
2021-02-08,136.03,136.96,134.92,136.91,134.38104,71297200.0,0.0010967191
2021-02-09,136.62,137.88,135.85,136.01,133.4977,76774200.0,-0.006573446
2021-02-10,136.48,136.99,134.4,135.39,132.88913,73046600.0,-0.0045586275
2021-02-11,135.9,136.39,133.77,135.13,132.63394,64280000.0,-0.0019203075
2021-02-12,134.35,135.53,133.69,135.37,132.8695,60145100.0,0.0017760551
2021-02-16,135.49,136.01,132.79,133.19,130.7298,80576300.0,-0.016103841
2021-02-17,131.25,132.22,129.47,130.84,128.42316,97918500.0,-0.017644336
2021-02-18,129.2,130.0,127.41,129.71,127.31407,96856700.0,-0.008636177
2021-02-19,130.24,130.71,128.8,129.87,127.4711,87668800.0,0.0012333923
2021-02-22,128.01,129.72,125.6,126.0,123.672585,103916400.0,-0.029799031
2021-02-23,123.76,126.71,118.39,125.86,123.535164,158273000.0,-0.001111165
2021-02-24,124.94,125.56,122.23,125.35,123.03461,111039900.0,-0.004051939
2021-02-25,124.68,126.46,120.54,120.99,118.75513,148199500.0,-0.034782734
2021-02-26,122.59,124.85,121.2,121.26,119.02014,164560400.0,0.002231606
2021-03-01,123.75,127.93,122.79,127.79,125.42951,116307900.0,0.053851143
2021-03-02,128.41,128.72,125.01,125.12,122.80883,102260900.0,-0.020893661
2021-03-03,124.81,125.71,121.84,122.06,119.80535,112966300.0,-0.02445654
2021-03-04,121.75,123.6,118.62,120.13,117.911026,178155000.0,-0.015811691
2021-03-05,120.98,121.94,117.57,121.42,119.17718,153766600.0,0.010738194
2021-03-08,120.93,121.0,116.21,116.36,114.21065,154376600.0,-0.041673496
2021-03-09,119.03,122.06,118.79,121.09,118.85327,129525800.0,0.04064966
2021-03-10,121.69,122.17,119.45,119.98,117.763794,111943300.0,-0.009166576
2021-03-11,122.54,123.21,121.26,121.96,119.7072,103026500.0,0.016502568
2021-03-12,120.4,121.17,119.16,121.03,118.794395,88105100.0,-0.0076253028
2021-03-15,121.41,124.0,120.42,123.99,121.699715,92403800.0,0.024456702
2021-03-16,125.7,127.22,124.72,125.57,123.250534,115227900.0,0.012742999
2021-03-17,124.05,125.86,122.34,124.76,122.45549,111932600.0,-0.006450633
2021-03-18,122.88,123.18,120.32,120.53,118.30363,121229700.0,-0.033905078
2021-03-19,119.9,121.43,119.68,119.99,117.773605,185549500.0,-0.0044801813
2021-03-22,120.33,123.87,120.26,123.39,121.11081,111912300.0,0.028335754
2021-03-23,123.33,124.24,122.14,122.54,120.2765,95467100.0,-0.0068888357
2021-03-24,122.82,122.9,120.07,120.09,117.87175,88530500.0,-0.019993491
2021-03-25,119.54,121.66,119.0,120.59,118.36251,98844700.0,0.004163515
2021-03-26,120.35,121.48,118.92,121.21,118.97107,94071200.0,0.0051414813
2021-03-29,121.65,122.58,120.73,121.39,119.14776,80819200.0,0.0014851438
2021-03-30,120.11,120.4,118.86,119.9,117.685265,85671900.0,-0.012274624
2021-03-31,121.65,123.52,121.15,122.15,119.8937,118323800.0,0.018765604
2021-04-01,123.66,124.18,122.49,123.0,120.72799,75089100.0,0.006958577
2021-04-05,123.87,126.16,123.07,125.9,123.57444,88651200.0,0.02357739
2021-04-06,126.5,127.13,125.65,126.21,123.878685,80171300.0,0.0024620383
2021-04-07,125.83,127.92,125.14,127.9,125.53749,83466700.0,0.013390567
2021-04-08,128.95,130.39,128.52,130.36,127.952034,88844600.0,0.019233642
2021-04-09,129.8,133.04,129.47,133.0,130.54332,106686700.0,0.020252008
2021-04-12,132.52,132.85,130.63,131.24,128.81584,91420000.0,-0.013232986
2021-04-13,132.44,134.66,131.93,134.43,131.94684,91266500.0,0.024305992
2021-04-14,134.94,135.0,131.66,132.03,129.59119,87222800.0,-0.017853038
2021-04-15,133.82,135.0,133.64,134.5,132.01555,89347100.0,0.01870777
2021-04-16,134.3,134.67,133.28,134.16,131.68187,84922400.0,-0.002527575
2021-04-19,133.51,135.47,133.34,134.84,132.34929,94264200.0,0.005068423
2021-04-20,135.02,135.53,131.81,133.11,130.65125,94812300.0,-0.012830018
2021-04-21,132.36,133.75,131.3,133.5,131.03401,68847100.0,0.0029296828
2021-04-22,133.04,134.15,131.41,131.94,129.50285,84566500.0,-0.011685198
2021-04-23,132.16,135.12,132.16,134.32,131.83893,78657500.0,0.01803879
2021-04-26,134.83,135.06,133.56,134.72,132.23149,66905100.0,0.0029775945
2021-04-27,135.01,135.41,134.11,134.39,131.90762,66015800.0,-0.0024492487
2021-04-28,134.31,135.02,133.08,133.58,131.11255,107760100.0,-0.0060275095
2021-04-29,136.47,137.07,132.45,133.48,131.01439,151101000.0,-0.00074866816
2021-04-30,131.78,133.56,131.07,131.46,129.03174,109839500.0,-0.015133076
2021-05-03,132.04,134.07,131.83,132.54,130.09175,75135100.0,0.008215132
2021-05-04,131.19,131.49,126.7,127.85,125.48842,137564700.0,-0.035385277
2021-05-05,129.2,130.45,127.97,128.1,125.733795,84000900.0,0.0019553723
2021-05-06,127.89,129.75,127.13,129.74,127.34349,78128300.0,0.012802409
2021-05-07,130.85,131.26,129.48,130.21,128.02191,78973300.0,0.0053274888
2021-05-10,129.41,129.54,126.81,126.85,124.718376,88071200.0,-0.025804453
2021-05-11,123.5,126.27,122.77,125.91,123.79418,126142800.0,-0.00741025
2021-05-12,123.4,124.64,122.25,122.77,120.70693,112172300.0,-0.024938568
2021-05-13,124.58,126.15,124.26,124.97,122.869965,105861300.0,0.017919704
2021-05-14,126.25,127.89,125.85,127.45,125.30827,81918000.0,0.019844627
2021-05-17,126.82,126.93,125.17,126.27,124.14812,74244600.0,-0.009258417
2021-05-18,126.56,126.99,124.78,124.85,122.751976,63342900.0,-0.011245769
2021-05-19,123.16,124.92,122.86,124.69,122.594666,92612000.0,-0.0012815312
2021-05-20,125.23,127.72,125.1,127.31,125.17063,76857100.0,0.021012055
2021-05-21,127.82,128.0,125.21,125.43,123.32223,79295400.0,-0.014767074
2021-05-24,126.01,127.94,125.94,127.1,124.96416,63092900.0,0.013314142
2021-05-25,127.82,128.32,126.32,126.9,124.76754,72009500.0,-0.0015733881
2021-05-26,126.96,127.39,126.42,126.85,124.718376,56575900.0,-0.00039404334
2021-05-27,126.44,127.64,125.08,125.28,123.17474,94625600.0,-0.0123769455
2021-05-28,125.57,125.8,124.55,124.61,122.51601,71311100.0,-0.005347989
2021-06-01,125.08,125.35,123.94,124.28,122.19157,67637100.0,-0.0026481438
2021-06-02,124.28,125.24,124.05,125.06,122.95844,59278900.0,0.006276016
2021-06-03,124.68,124.85,123.13,123.54,121.46399,76229200.0,-0.012154134
2021-06-04,124.07,126.16,123.85,125.89,123.77449,75169300.0,0.019022107
2021-06-07,126.17,126.32,124.83,125.9,123.784355,71057600.0,7.969984e-05
2021-06-08,126.6,128.46,126.21,126.74,124.61021,74403800.0,0.006671695
2021-06-09,127.21,127.75,126.52,127.13,124.99366,56877900.0,0.0030772227
2021-06-10,127.02,128.19,125.94,126.11,123.99081,71186400.0,-0.008023234
2021-06-11,126.53,127.44,126.1,127.35,125.20998,53522400.0,0.009832742
2021-06-14,127.82,130.54,127.07,130.48,128.28738,96906500.0,0.024577977
2021-06-15,129.94,130.6,129.39,129.64,127.4615,62746300.0,-0.0064377487
2021-06-16,130.37,130.89,128.46,130.15,127.9629,91815000.0,0.003933707
2021-06-17,129.8,132.55,129.65,131.79,129.57535,96721700.0,0.0126009155
2021-06-18,130.71,131.51,130.24,130.46,128.2677,108953300.0,-0.010091794
2021-06-21,130.3,132.41,129.21,132.3,130.07677,79663300.0,0.014103837
2021-06-22,132.13,134.08,131.62,133.98,131.72856,74783600.0,0.012698612
2021-06-23,133.77,134.32,133.23,133.7,131.45326,60214200.0,-0.0020898967
2021-06-24,134.45,134.64,132.93,133.41,131.16812,68711000.0,-0.0021691434
2021-06-25,133.46,133.89,132.81,133.11,130.87318,70783700.0,-0.0022485428
2021-06-28,133.41,135.25,133.35,134.78,132.5151,62111300.0,0.0125459
2021-06-29,134.8,136.49,134.35,136.33,134.03906,64556100.0,0.011500246
2021-06-30,136.17,137.41,135.87,136.96,134.6585,63261400.0,0.0046212687
2021-07-01,136.6,137.33,135.76,137.27,134.96329,52485800.0,0.0022634615
2021-07-02,137.9,140.0,137.75,139.96,137.60808,78852600.0,0.019596372
2021-07-06,140.07,143.15,140.07,142.02,139.63347,108181800.0,0.014718545
2021-07-07,143.54,144.89,142.66,144.57,142.14061,104911600.0,0.01795516
2021-07-08,141.58,144.06,140.67,143.24,140.83296,105575500.0,-0.009199677
2021-07-09,142.75,145.65,142.65,145.11,142.67151,99890800.0,0.013054804
2021-07-12,146.21,146.32,144.0,144.5,142.07178,76299700.0,-0.004203582
2021-07-13,144.03,147.46,143.63,145.64,143.19263,100827100.0,0.007889319
2021-07-14,148.1,149.57,147.68,149.15,146.64362,127050800.0,0.024100324
2021-07-15,149.24,150.0,147.09,148.48,145.98488,106820300.0,-0.0044920957
2021-07-16,148.46,149.76,145.88,146.39,143.93001,93251400.0,-0.014075914
2021-07-19,143.75,144.07,141.67,142.45,140.05621,121434600.0,-0.026914433
2021-07-20,143.46,147.1,142.96,146.15,143.69403,96350000.0,0.025973981
2021-07-21,145.53,146.13,144.63,145.4,142.95663,74993500.0,-0.005131711
2021-07-22,145.94,148.2,145.81,146.8,144.33313,77338200.0,0.009628762
2021-07-23,147.55,148.72,146.92,148.56,146.06354,71447400.0,0.011988985
2021-07-26,148.27,149.83,147.7,148.99,146.48631,72434100.0,0.0028944614
2021-07-27,149.12,149.21,145.55,146.77,144.30367,104818600.0,-0.014900011
2021-07-28,144.81,146.97,142.54,144.98,142.5437,118931200.0,-0.012196253
2021-07-29,144.69,146.55,144.58,145.64,143.19263,56699500.0,0.004552469
2021-07-30,144.38,146.33,144.11,145.86,143.4089,70440600.0,0.0015103995
2021-08-02,146.36,146.95,145.25,145.52,143.07463,62880000.0,-0.0023309172
2021-08-03,145.81,148.04,145.18,147.36,144.88373,64786600.0,0.012644431
2021-08-04,147.27,147.79,146.28,146.95,144.4806,56368300.0,-0.0027823825
2021-08-05,146.98,147.84,146.17,147.06,144.58879,46397700.0,0.00074878434
2021-08-06,146.35,147.11,145.63,146.14,143.89948,54126800.0,-0.004767422
2021-08-09,146.2,146.7,145.52,146.09,143.85025,48908700.0,-0.00034207807
2021-08-10,146.44,147.71,145.3,145.6,143.36778,69023100.0,-0.0033539578
2021-08-11,146.05,146.72,145.53,145.86,143.62378,48493500.0,0.0017855944
2021-08-12,146.19,149.05,145.84,148.89,146.60733,72282600.0,0.020773377
2021-08-13,148.97,149.44,148.27,149.1,146.81409,59375000.0,0.0014102745
2021-08-16,148.54,151.19,146.47,151.12,148.80315,103296000.0,0.013548152
2021-08-17,150.23,151.68,149.09,150.19,147.88739,92229700.0,-0.0061541456
2021-08-18,149.8,150.72,146.15,146.36,144.11612,86326000.0,-0.025500963
2021-08-19,145.03,148.0,144.5,146.7,144.45091,86960300.0,0.0023230787
2021-08-20,147.44,148.5,146.78,148.19,145.91808,60549600.0,0.010156828
2021-08-23,148.31,150.19,147.89,149.71,147.41475,60131800.0,0.010256944
2021-08-24,149.45,150.86,149.15,149.62,147.32616,48606400.0,-0.00060097466
2021-08-25,149.81,150.32,147.8,148.36,146.08546,58991300.0,-0.008421398
2021-08-26,148.35,149.12,147.51,147.54,145.27803,48597200.0,-0.005527135
2021-08-27,147.48,148.75,146.83,148.6,146.3218,55802400.0,0.007184584
2021-08-30,149.0,153.49,148.61,153.12,150.77246,90956700.0,0.03041699
2021-08-31,152.66,152.8,151.29,151.83,149.50224,86453100.0,-0.008424734
2021-09-01,152.83,154.98,152.34,152.51,150.17181,80313700.0,0.004478668
2021-09-02,153.87,154.72,152.4,153.65,151.29436,71115500.0,0.00747506
2021-09-03,153.76,154.63,153.09,154.3,151.9344,57808700.0,0.004230463
2021-09-07,154.97,157.26,154.39,156.69,154.28775,82278300.0,0.0154892355
2021-09-08,156.98,157.04,153.98,155.11,152.73196,74420200.0,-0.010083666
2021-09-09,155.49,156.11,153.95,154.07,151.70793,57305700.0,-0.0067047696
2021-09-10,155.0,155.48,148.7,148.97,146.68608,140893200.0,-0.033102095
2021-09-13,150.63,151.42,148.75,149.55,147.25722,102404300.0,0.0038935968
2021-09-14,150.35,151.07,146.91,148.12,145.84912,109296300.0,-0.009562155
2021-09-15,148.56,149.44,146.37,149.03,146.74521,83281300.0,0.006143936
2021-09-16,148.44,148.97,147.22,148.79,146.50885,68034100.0,-0.0016106736
2021-09-17,148.82,148.82,145.76,146.06,143.82072,129868800.0,-0.018347872
2021-09-20,143.8,144.84,141.27,142.94,140.74857,123478900.0,-0.02136103
2021-09-21,143.93,144.6,142.78,143.43,141.23103,75834000.0,0.003427869
2021-09-22,144.45,146.43,143.7,145.85,143.61394,76404300.0,0.016872384
2021-09-23,146.65,147.08,145.64,146.83,144.57893,64838200.0,0.006719378
2021-09-24,145.66,147.47,145.56,146.92,144.66756,53477900.0,0.00061297347
2021-09-27,145.47,145.96,143.82,145.37,143.14128,74150700.0,-0.010550228
2021-09-28,143.25,144.75,141.69,141.91,139.73434,108972300.0,-0.023801217
2021-09-29,142.47,144.45,142.03,142.83,140.64024,74602000.0,0.006483009
2021-09-30,143.66,144.38,141.28,141.5,139.33063,89056700.0,-0.009311816
2021-10-01,141.9,142.92,139.11,142.65,140.46301,94639600.0,0.008127324
2021-10-04,141.76,142.21,138.27,139.14,137.0068,98322000.0,-0.024605818
2021-10-05,139.49,142.24,139.36,141.11,138.94662,80861100.0,0.014158562
2021-10-06,139.47,142.15,138.37,142.0,139.82295,83221100.0,0.0063069365
2021-10-07,143.06,144.22,142.72,143.29,141.09315,61732700.0,0.009084364
2021-10-08,144.03,144.18,142.56,142.9,140.70914,58773200.0,-0.0027217334
2021-10-11,142.27,144.81,141.81,142.81,140.62054,64452200.0,-0.00062961463
2021-10-12,143.23,143.25,141.04,141.51,139.34047,73035900.0,-0.009103045
2021-10-13,141.24,141.4,139.2,140.91,138.74966,78762700.0,-0.0042400104
2021-10-14,142.11,143.88,141.51,143.76,141.55595,69907100.0,0.02022556
2021-10-15,143.77,144.9,143.51,144.84,142.61945,67940300.0,0.0075128726
2021-10-18,143.45,146.84,143.16,146.55,144.30324,85589200.0,0.011806189
2021-10-19,147.01,149.17,146.55,148.76,146.47931,76378900.0,0.01507985
2021-10-20,148.7,149.75,148.12,149.26,146.97166,58418800.0,0.0033612621
2021-10-21,148.81,149.64,147.87,149.48,147.18828,61421000.0,0.0014738472
2021-10-22,149.69,150.18,148.64,148.69,146.41039,58883400.0,-0.0052850205
2021-10-25,148.68,149.37,147.62,148.64,146.36118,50720600.0,-0.00033610727
2021-10-26,149.33,150.84,149.01,149.32,147.03075,60893400.0,0.004574785
2021-10-27,149.36,149.73,148.49,148.85,146.56796,56094900.0,-0.0031475308
2021-10-28,149.82,153.17,149.72,152.57,150.23091,100077900.0,0.024991468
2021-10-29,147.22,149.94,146.41,149.8,147.50339,124953200.0,-0.018155543
2021-11-01,148.99,149.7,147.8,148.96,146.67625,74588300.0,-0.0056075538
2021-11-02,148.66,151.57,148.65,150.02,147.72,69122000.0,0.0071159913
2021-11-03,150.39,151.97,149.82,151.49,149.16747,54511500.0,0.0097987
2021-11-04,151.58,152.43,150.64,150.96,148.6456,60394600.0,-0.0034985233
2021-11-05,151.89,152.2,150.06,151.28,149.17807,65463900.0,0.003582149
2021-11-08,151.41,151.57,150.16,150.44,148.34976,55020900.0,-0.005552479
2021-11-09,150.2,151.43,150.06,150.81,148.71465,56787900.0,0.002459616
2021-11-10,150.02,150.13,147.85,147.92,145.86479,65187100.0,-0.019163234
2021-11-11,148.96,149.43,147.68,147.87,145.81546,41000000.0,-0.00033820132
2021-11-12,148.43,150.4,147.48,149.99,147.90602,63804000.0,0.014337032
2021-11-15,150.37,151.88,149.43,150.0,147.91585,59222800.0,6.643854e-05
2021-11-16,149.94,151.49,149.34,151.0,148.902,59256200.0,0.0066669327
2021-11-17,151.0,155.0,150.99,153.49,151.3574,88807000.0,0.016490133
2021-11-18,153.71,158.67,153.05,157.87,155.67653,137827700.0,0.028535917
2021-11-19,157.65,161.02,156.53,160.55,158.31929,117305600.0,0.016975977
2021-11-22,161.68,165.7,161.0,161.02,158.78276,117467900.0,0.0029274414
2021-11-23,161.12,161.8,159.06,161.41,159.16734,96041900.0,0.002422067
2021-11-24,160.75,162.14,159.64,161.94,159.68999,69463600.0,0.0032836136
2021-11-26,159.57,160.45,156.36,156.81,154.63124,76959800.0,-0.031678542
2021-11-29,159.37,161.19,158.79,160.24,158.01361,88748200.0,0.021873781
2021-11-30,159.99,165.52,159.92,165.3,163.0033,174048100.0,0.031577565
2021-12-01,167.48,170.3,164.53,164.77,162.48065,152052500.0,-0.0032063404
2021-12-02,158.74,164.2,157.8,163.76,161.48468,136739200.0,-0.0061297864
2021-12-03,164.02,164.96,159.72,161.84,159.59134,118023100.0,-0.011724587
2021-12-06,164.29,167.88,164.28,165.32,163.02304,107497000.0,0.021503057
2021-12-07,169.08,171.58,168.34,171.18,168.8016,120405400.0,0.035446305
2021-12-08,172.13,175.96,170.7,175.08,172.6474,116998900.0,0.022782927
2021-12-09,174.91,176.75,173.92,174.56,172.13461,108923700.0,-0.0029701395
2021-12-10,175.21,179.63,174.69,179.45,176.9567,115402700.0,0.02801344
2021-12-13,181.12,182.13,175.53,175.74,173.29822,153237000.0,-0.020674424
2021-12-14,175.25,177.74,172.21,174.33,171.90785,139380400.0,-0.008022965
2021-12-15,175.11,179.5,172.31,179.3,176.80876,131063300.0,0.028508933
2021-12-16,179.28,181.14,170.75,172.26,169.8666,150185800.0,-0.039263718
2021-12-17,169.93,173.47,169.69,171.14,168.76215,195432700.0,-0.006501846
2021-12-20,168.28,170.58,167.46,169.75,167.39148,107499100.0,-0.0081218835
2021-12-21,171.56,173.2,169.12,172.99,170.58647,91185900.0,0.019086946
2021-12-22,173.04,175.86,172.15,175.64,173.19962,92135300.0,0.015318588
2021-12-23,175.85,176.85,175.27,176.28,173.8307,68356600.0,0.0036437048
2021-12-27,177.09,180.42,177.07,180.33,177.82448,74919600.0,0.02297508
2021-12-28,180.16,181.33,178.53,179.29,176.7989,79144300.0,-0.005767337
2021-12-29,179.33,180.63,178.14,179.38,176.88768,62348900.0,0.00050212775
2021-12-30,179.47,180.57,178.09,178.2,175.72406,59773000.0,-0.0065782988
2021-12-31,178.09,179.23,177.26,177.57,175.10281,64062300.0,-0.0035353517
2022-01-03,177.83,182.88,177.71,182.01,179.48112,104487900.0,0.02500423
2022-01-04,182.63,182.94,179.12,179.7,177.2032,99310400.0,-0.012691717
2022-01-05,179.61,180.17,174.64,174.92,172.48962,94537600.0,-0.026599843
2022-01-06,172.7,175.3,171.64,172.0,169.6102,96904000.0,-0.016693324
2022-01-07,172.89,174.14,171.03,172.17,169.77782,86709100.0,0.000988253
2022-01-10,169.08,172.5,168.17,172.19,169.79756,106765600.0,0.00011629831
2022-01-11,172.32,175.18,170.82,175.08,172.6474,76138300.0,0.01678374
2022-01-12,176.12,177.18,174.82,175.53,173.09117,74805200.0,0.0025703912
2022-01-13,175.78,176.62,171.79,172.19,169.79756,84505800.0,-0.019028177
2022-01-14,171.34,173.78,171.09,173.07,170.66534,80440800.0,0.0051106894
2022-01-18,171.51,172.54,169.41,169.8,167.44075,90956700.0,-0.018894253
2022-01-19,170.0,171.08,165.94,166.23,163.92035,94815000.0,-0.021024756
2022-01-20,166.98,169.68,164.18,164.51,162.22426,91420500.0,-0.010347041
2022-01-21,164.42,166.33,162.3,162.41,160.15344,122848900.0,-0.012765144
2022-01-24,160.02,162.3,154.7,161.62,159.3744,162294600.0,-0.004864319
2022-01-25,158.98,162.76,157.02,159.78,157.56,115798400.0,-0.011384559
2022-01-26,163.5,164.39,157.82,159.69,157.47122,108275300.0,-0.0005634402
2022-01-27,162.45,163.84,158.28,159.22,157.00777,121954600.0,-0.0029431104
2022-01-28,165.71,170.35,162.8,170.33,167.9634,179935700.0,0.069777615
2022-01-31,170.16,175.0,169.51,174.78,172.35156,115541600.0,0.026125742
2022-02-01,174.01,174.84,172.31,174.61,172.18394,86213900.0,-0.00097253424
2022-02-02,174.75,175.88,173.33,175.84,173.39684,84914300.0,0.0070441565
2022-02-03,174.48,176.24,172.12,172.9,170.49768,89418100.0,-0.016719766
2022-02-04,171.68,174.1,170.68,172.39,170.21135,82465400.0,-0.0016793846
2022-02-07,172.86,173.95,170.95,171.66,169.4906,77251200.0,-0.004234435
2022-02-08,171.73,175.35,171.43,174.83,172.62053,74829200.0,0.01846668
2022-02-09,176.05,176.65,174.9,176.28,174.0522,71285000.0,0.008293748
2022-02-10,174.14,175.48,171.55,172.12,169.9448,90865900.0,-0.023598706
2022-02-11,172.33,173.08,168.04,168.64,166.50876,98670700.0,-0.020218538
2022-02-14,167.37,169.58,166.56,168.88,166.74573,86185500.0,0.0014231623
2022-02-15,170.97,172.95,170.25,172.79,170.6063,62527400.0,0.02315241
2022-02-16,171.85,173.34,170.05,172.55,170.36937,61177400.0,-0.0013887133
2022-02-17,171.03,171.91,168.47,168.88,166.74573,69589300.0,-0.021269327
2022-02-18,169.82,170.54,166.19,167.3,165.18568,82772700.0,-0.009355822
2022-02-22,164.98,166.69,162.15,164.32,162.24335,91162800.0,-0.0178123
2022-02-23,165.54,166.15,159.75,160.07,158.04707,90009200.0,-0.025864074
2022-02-24,152.58,162.85,152.0,162.74,160.68333,141147500.0,0.016680226
2022-02-25,163.84,165.12,160.87,164.85,162.76666,91974200.0,0.012965429
2022-02-28,163.06,165.42,162.43,165.12,163.03325,95056600.0,0.0016378434
2022-03-01,164.7,166.6,161.97,163.2,161.1375,83474400.0,-0.011628008
2022-03-02,164.39,167.36,162.95,166.56,164.45503,79724800.0,0.020588227
2022-03-03,168.47,168.91,165.55,166.23,164.1292,76678400.0,-0.0019813087
2022-03-04,164.49,165.55,162.1,163.17,161.10788,83737200.0,-0.01840816
2022-03-07,163.36,165.02,159.04,159.3,157.28679,96418800.0,-0.02371759
2022-03-08,158.82,162.88,155.8,157.44,155.4503,131148300.0,-0.01167604
2022-03-09,161.48,163.41,159.41,162.95,160.89064,91454900.0,0.03499728
2022-03-10,160.2,160.39,155.98,158.52,156.51663,105342000.0,-0.027186219
2022-03-11,158.93,159.28,154.5,154.73,152.77455,96970100.0,-0.023908518
2022-03-14,151.45,154.12,150.1,150.62,148.71649,108732100.0,-0.026562406
2022-03-15,150.9,155.57,150.38,155.09,153.12999,92964300.0,0.029677259
2022-03-16,157.05,160.0,154.46,159.59,157.5731,102300200.0,0.029015318
2022-03-17,158.61,161.0,157.63,160.62,158.59012,75615400.0,0.006454233
2022-03-18,160.51,164.48,159.76,163.98,161.90764,123511700.0,0.020918833
2022-03-21,163.51,166.35,163.01,165.38,163.28998,95811400.0,0.008537827
2022-03-22,165.51,169.42,164.91,168.82,166.6865,81532000.0,0.02080051
2022-03-23,167.99,172.64,167.65,170.21,168.05893,98062700.0,0.008233639
2022-03-24,171.06,174.14,170.21,174.07,171.87013,90131400.0,0.022677777
2022-03-25,173.88,175.28,172.75,174.72,172.5119,80546200.0,0.0037340368
2022-03-28,172.17,175.73,172.0,175.6,173.3808,90371900.0,0.0050367336
2022-03-29,176.69,179.01,176.34,178.96,176.69832,100589400.0,0.0191343
2022-03-30,178.55,179.61,176.7,177.77,175.52338,92633200.0,-0.006649424
2022-03-31,177.84,178.03,174.4,174.61,172.4033,103049300.0,-0.017775817
2022-04-01,174.03,174.88,171.94,174.31,172.10709,78751300.0,-0.001718174
2022-04-04,174.57,178.49,174.44,178.44,176.1849,76468400.0,0.023693504
2022-04-05,177.5,178.3,174.42,175.06,172.84763,73401800.0,-0.018941918
2022-04-06,172.36,173.63,170.13,171.83,169.65846,89058800.0,-0.01845072
2022-04-07,171.16,173.36,169.85,172.14,169.96452,77594700.0,0.0018039818
2022-04-08,171.78,171.78,169.2,170.09,167.94044,76575500.0,-0.011908828
2022-04-11,168.71,169.03,165.5,165.75,163.65529,72246700.0,-0.025515927
2022-04-12,168.02,169.87,166.64,167.66,165.54115,79265200.0,0.011523393
2022-04-13,167.39,171.04,166.77,170.4,168.24652,70618900.0,0.016342571
2022-04-14,170.62,171.27,165.04,165.29,163.20107,75329400.0,-0.029988471
2022-04-18,163.92,166.6,163.57,165.07,162.98386,69023900.0,-0.001330928
2022-04-19,165.02,167.82,163.91,167.4,165.28444,67723800.0,0.014115403
2022-04-20,168.76,168.88,166.1,167.23,165.11658,67929800.0,-0.0010155943
2022-04-21,168.91,171.53,165.91,166.42,164.31682,87227800.0,-0.0048436015
2022-04-22,166.46,167.87,161.5,161.79,159.7453,84882400.0,-0.027821364
2022-04-25,161.12,163.17,158.46,162.88,160.82155,96046400.0,0.006737276
2022-04-26,162.25,162.34,156.72,156.8,154.81839,95623200.0,-0.037328072
2022-04-27,155.91,159.79,155.38,156.57,154.5913,88063200.0,-0.0014668577
2022-04-28,159.25,164.52,158.93,163.64,161.57198,130216800.0,0.045155726
2022-04-29,161.84,166.2,157.25,157.65,155.65765,131747600.0,-0.036604874
2022-05-02,156.71,158.23,153.27,157.96,155.9637,123055300.0,0.0019661451
2022-05-03,158.15,160.71,156.32,159.48,157.46451,88966500.0,0.009622808
2022-05-04,159.67,166.48,159.26,166.02,163.92186,108256500.0,0.0410083
2022-05-05,163.85,164.08,154.95,156.77,154.78877,130525300.0,-0.0557161
2022-05-06,156.01,159.44,154.18,157.28,155.52051,116124600.0,0.0047273147
2022-05-09,154.93,155.83,151.49,152.06,150.35889,131577900.0,-0.033189327
2022-05-10,155.52,156.74,152.93,154.51,152.78146,115366700.0,0.016111964
2022-05-11,153.5,155.45,145.81,146.5,144.86108,142689800.0,-0.051841233
2022-05-12,142.77,146.2,138.8,142.56,140.96516,182602000.0,-0.026894178
2022-05-13,144.59,148.1,143.11,147.11,145.46423,113990900.0,0.03191618
2022-05-16,145.55,147.52,144.18,145.54,143.91182,86643800.0,-0.010672135
2022-05-17,148.86,149.77,146.68,149.24,147.57045,78336300.0,0.025422724
2022-05-18,146.85,147.36,139.9,140.82,139.24463,109742900.0,-0.056419298
2022-05-19,139.88,141.66,136.6,137.35,135.81348,136095600.0,-0.024641182
2022-05-20,139.09,140.7,132.61,137.59,136.05074,137426100.0,0.0017469467
2022-05-23,137.79,143.26,137.65,143.11,141.50902,117726300.0,0.04011946
2022-05-24,140.81,141.97,137.33,140.36,138.78978,104132700.0,-0.019216007
2022-05-25,138.43,141.79,138.34,140.52,138.948,92482700.0,0.0011399859
2022-05-26,137.39,144.34,137.14,143.78,142.17151,90601500.0,0.023199404
2022-05-27,145.39,149.68,145.26,149.64,147.96596,90978500.0,0.04075675
2022-05-31,149.07,150.66,146.84,148.84,147.17491,103718400.0,-0.005346136
2022-06-01,149.9,151.74,147.68,148.71,147.04637,74286600.0,-0.00087338284
2022-06-02,147.83,151.27,146.86,151.21,149.51839,72348100.0,0.016811129
2022-06-03,146.9,147.97,144.46,145.38,143.75363,88570300.0,-0.038555495
2022-06-06,147.03,148.57,144.9,146.14,144.50511,71598400.0,0.0052275555
2022-06-07,144.35,149.0,144.1,148.71,147.04637,67808200.0,0.01758595
2022-06-08,148.58,149.87,147.46,147.96,146.30475,53950200.0,-0.005043463
2022-06-09,147.08,147.95,142.53,142.64,141.0443,69473000.0,-0.035955444
2022-06-10,140.28,140.76,137.06,137.13,135.59592,91437900.0,-0.038628854
2022-06-13,132.87,135.2,131.44,131.88,130.40462,122207100.0,-0.038285073
2022-06-14,133.13,133.89,131.48,132.76,131.2748,84784300.0,0.0066729095
2022-06-15,134.29,137.34,132.16,135.43,133.91492,91533000.0,0.020111412
2022-06-16,132.08,132.39,129.04,130.06,128.605,108123900.0,-0.039651453
2022-06-17,130.07,133.08,129.81,131.56,130.08821,134520300.0,0.011533109
2022-06-21,133.42,137.06,133.32,135.87,134.34999,81000500.0,0.03276069
2022-06-22,134.79,137.76,133.91,135.35,133.83582,73409200.0,-0.003827134
2022-06-23,136.82,138.59,135.63,138.27,136.72318,72433800.0,0.021573894
2022-06-24,139.9,141.91,139.77,141.66,140.07524,89116800.0,0.024517175
2022-06-27,142.7,143.49,140.97,141.66,140.07524,70207900.0,0.0
2022-06-28,142.13,143.42,137.32,137.44,135.90244,67083400.0,-0.029789746
2022-06-29,137.46,140.67,136.67,139.23,137.67242,66242400.0,0.013023969
2022-06-30,137.25,138.37,133.77,136.72,135.19049,98964500.0,-0.01802782
2022-07-01,136.04,139.04,135.66,138.93,137.37576,71051600.0,0.016164392
2022-07-05,137.77,141.61,136.93,141.56,139.97636,73353800.0,0.018930567
2022-07-06,141.35,144.12,141.08,142.92,141.32114,74064300.0,0.009607139
2022-07-07,143.29,146.55,143.28,146.35,144.71275,66253700.0,0.02399936
2022-07-08,145.26,147.55,145.0,147.04,145.39502,64547800.0,0.004714624
2022-07-11,145.67,146.64,143.78,144.87,143.24931,63141600.0,-0.014757769
2022-07-12,145.76,148.45,145.05,145.86,144.22826,77588800.0,0.0068338397
2022-07-13,142.99,146.45,142.12,145.49,143.8624,71185600.0,-0.0025366733
2022-07-14,144.08,148.95,143.25,148.47,146.80904,78140700.0,0.02048235
2022-07-15,149.78,150.86,148.2,150.17,148.49002,76259900.0,0.0114501435
2022-07-18,150.74,151.57,146.7,147.07,145.42473,81420900.0,-0.020643087
2022-07-19,147.92,151.23,146.91,151.0,149.31076,82982400.0,0.026721949
2022-07-20,151.12,153.72,150.37,153.04,151.3279,64823400.0,0.013509647
2022-07-21,154.5,155.57,151.94,155.35,153.61206,65086600.0,0.01509414
2022-07-22,155.39,156.28,153.41,154.09,152.36617,66675400.0,-0.008110661
2022-07-25,154.01,155.04,152.28,152.95,151.23894,53623900.0,-0.0073981504
2022-07-26,152.26,153.09,150.8,151.6,149.90402,55138700.0,-0.008826531
2022-07-27,152.58,157.33,152.16,156.79,155.03596,78620700.0,0.034234855
2022-07-28,156.98,157.64,154.41,157.35,155.5897,81378700.0,0.0035716968
2022-07-29,161.24,163.63,159.5,162.51,160.69199,101786900.0,0.032793168
2022-08-01,161.01,163.59,160.89,161.51,159.70314,67829400.0,-0.0061536725
2022-08-02,160.1,162.41,159.63,160.01,158.21994,59907000.0,-0.009287232
2022-08-03,160.84,166.59,160.75,166.13,164.27148,82507500.0,0.03824767
2022-08-04,166.01,167.19,164.43,165.81,163.95506,55474100.0,-0.0019262108
2022-08-05,163.21,165.85,163.0,165.35,163.72733,56697000.0,-0.0013890235
2022-08-08,166.37,167.81,164.2,164.87,163.25204,60276900.0,-0.0029028798
2022-08-09,164.02,165.82,163.25,164.92,163.30154,63135500.0,0.00030320915
2022-08-10,167.68,169.34,166.9,169.24,167.57915,70170500.0,0.026194505
2022-08-11,170.06,170.99,168.19,168.49,166.83652,57149200.0,-0.004431518
2022-08-12,169.82,172.17,169.4,172.1,170.41107,68039400.0,0.021425491
2022-08-15,171.52,173.39,171.35,173.19,171.49039,54091700.0,0.006333598
2022-08-16,172.78,173.71,171.66,173.03,171.33194,56377100.0,-0.00092394254
2022-08-17,172.77,176.15,172.57,174.55,172.83705,79542000.0,0.00878477
2022-08-18,173.75,174.9,173.12,174.15,172.44095,62290100.0,-0.002291771
2022-08-19,173.03,173.74,171.31,171.52,169.83678,70346300.0,-0.015101817
2022-08-22,169.69,169.86,167.14,167.57,165.92555,69026800.0,-0.023029314
2022-08-23,167.08,168.71,166.65,167.23,165.58887,54147100.0,-0.002029134
2022-08-24,167.32,168.11,166.25,167.53,165.88591,53841500.0,0.0017938575
2022-08-25,168.78,170.14,168.35,170.03,168.36137,51218200.0,0.014922689
2022-08-26,170.57,171.05,163.56,163.62,162.01431,78961000.0,-0.037699033
2022-08-29,161.15,162.9,159.82,161.38,159.7963,73314000.0,-0.013690257
2022-08-30,162.13,162.56,157.72,158.91,157.35052,77906200.0,-0.015305551
2022-08-31,160.31,160.58,157.14,157.22,155.67711,87991100.0,-0.010634958
2022-09-01,156.64,158.42,154.67,157.96,156.40984,74229900.0,0.00470671
2022-09-02,159.75,160.36,154.97,155.81,154.28093,76957800.0,-0.013611076
2022-09-06,156.47,157.09,153.69,154.53,153.01352,73714800.0,-0.008214951
2022-09-07,154.82,156.67,153.61,155.96,154.42946,87449600.0,0.009253688
2022-09-08,154.64,156.36,152.68,154.46,152.9442,84923800.0,-0.009617724
2022-09-09,155.47,157.82,154.75,157.37,155.82564,68028800.0,0.018839806
2022-09-12,159.59,164.26,159.3,163.43,161.82614,104956000.0,0.038507808
2022-09-13,159.9,160.54,153.37,153.84,152.33026,122656600.0,-0.058679517
2022-09-14,154.79,157.1,153.61,155.31,153.78583,87965400.0,0.009555333
2022-09-15,154.65,155.24,151.38,152.37,150.8747,90481100.0,-0.018929785
2022-09-16,151.21,151.35,148.37,150.7,149.22108,162278800.0,-0.010960156
2022-09-19,149.31,154.56,149.1,154.48,152.964,81474200.0,0.02508305
2022-09-20,153.4,158.08,153.08,156.9,155.36024,107689800.0,0.015665386
2022-09-21,157.34,158.74,153.6,153.72,152.21146,101696800.0,-0.02026766
2022-09-22,152.38,154.47,150.91,152.74,151.24106,86652500.0,-0.0063753277
2022-09-23,151.19,151.47,148.56,150.43,148.95375,96029900.0,-0.01512359
2022-09-26,149.66,153.77,149.64,150.77,149.29042,93339400.0,0.0022602312
2022-09-27,152.74,154.72,149.95,151.76,150.27068,84442700.0,0.006566095
2022-09-28,147.64,150.64,144.84,149.84,148.3695,146691400.0,-0.012651629
2022-09-29,146.1,146.72,140.68,142.48,141.08176,128138200.0,-0.04911892
2022-09-30,141.28,143.1,138.0,138.2,136.84378,124925300.0,-0.03003915
2022-10-03,138.21,143.07,137.69,142.45,141.05205,114311700.0,0.030752346
2022-10-04,145.03,146.22,144.26,146.1,144.66624,87830100.0,0.025623143
2022-10-05,144.07,147.38,143.01,146.4,144.9633,79471000.0,0.002053403
2022-10-06,145.81,147.54,145.22,145.43,144.00279,68402200.0,-0.0066258856
2022-10-07,142.54,143.1,139.45,140.09,138.71523,85925600.0,-0.036718503
2022-10-10,140.42,141.89,138.57,140.42,139.04199,74899000.0,0.0023556675
2022-10-11,139.9,141.35,138.22,138.98,137.6161,77033700.0,-0.010255089
2022-10-12,139.13,140.36,138.16,138.34,136.98239,70433700.0,-0.004604932
2022-10-13,134.99,143.59,134.37,142.99,141.58676,113224000.0,0.033612862
2022-10-14,144.31,144.52,138.19,138.38,137.022,88598000.0,-0.032240007
2022-10-17,141.07,142.9,140.27,142.41,141.01245,85250900.0,0.02912268
2022-10-18,145.49,146.7,140.61,143.75,142.33928,99136600.0,0.009409296
2022-10-19,141.69,144.95,141.5,143.86,142.44821,61758300.0,0.0007653017
2022-10-20,143.02,145.89,142.65,143.39,141.9828,64522000.0,-0.0032672107
2022-10-21,142.87,147.85,142.65,147.27,145.82475,86548600.0,0.027059259
2022-10-24,147.19,150.23,146.0,149.45,147.98335,75981900.0,0.014802699
2022-10-25,150.09,152.49,149.36,152.34,150.84502,74732300.0,0.019337742
2022-10-26,150.96,151.99,148.04,149.35,147.88434,88194300.0,-0.019627284
2022-10-27,148.07,149.05,144.13,144.8,143.37898,109180200.0,-0.030465402
2022-10-28,148.2,157.5,147.82,155.74,154.21162,164762400.0,0.07555251
2022-10-31,153.16,154.24,151.92,153.34,151.83517,97943200.0,-0.015410314
2022-11-01,155.08,155.45,149.13,150.65,149.17159,80379300.0,-0.017542638
2022-11-02,148.95,152.17,145.0,145.03,143.60674,93604600.0,-0.037305027
2022-11-03,142.06,142.8,138.75,138.88,137.5171,97918500.0,-0.042404905
2022-11-04,142.09,142.67,134.38,138.38,137.24931,140814800.0,-0.0019473342
2022-11-07,137.11,139.15,135.67,138.92,137.78487,83374600.0,0.0039020448
2022-11-08,140.41,141.43,137.49,139.5,138.36014,89908500.0,0.004175144
2022-11-09,138.5,138.55,134.59,134.87,133.76797,74917800.0,-0.03318993
2022-11-10,141.24,146.87,139.5,146.87,145.66989,118854000.0,0.088974334
2022-11-11,145.82,150.01,144.37,149.7,148.4768,93979700.0,0.019269016
2022-11-14,148.97,150.28,147.43,148.28,147.0684,73374100.0,-0.009485667
2022-11-15,152.22,153.59,148.56,150.04,148.81401,89868300.0,0.011869344
2022-11-16,149.13,149.87,147.29,148.79,147.57422,64218300.0,-0.00833115
2022-11-17,146.43,151.48,146.15,150.72,149.48848,80389400.0,0.012971513
2022-11-18,152.31,152.7,149.97,151.29,150.05379,74829600.0,0.0037816132
2022-11-21,150.16,150.37,147.72,148.01,146.8006,58724100.0,-0.021680154
2022-11-22,148.13,150.42,146.93,150.18,148.95287,51804100.0,0.014661163
2022-11-23,149.45,151.83,149.34,151.07,149.83562,58301400.0,0.0059263813
2022-11-25,148.31,148.88,147.12,148.11,146.8998,35195900.0,-0.019593615
2022-11-28,145.14,146.64,143.38,144.22,143.04158,69246000.0,-0.026264267
2022-11-29,144.29,144.81,140.35,141.17,140.01648,83763800.0,-0.0211484
2022-11-30,141.4,148.72,140.55,148.03,146.82043,111380900.0,0.04859396
2022-12-01,148.21,149.13,146.61,148.31,147.09814,71250400.0,0.0018914939
2022-12-02,145.96,148.0,145.65,147.81,146.60223,65447400.0,-0.0033712909
2022-12-05,147.77,150.92,145.77,146.63,145.43192,68826400.0,-0.007982952
2022-12-06,147.07,147.3,141.92,142.91,141.7423,64727200.0,-0.025370091
2022-12-07,142.19,143.37,140.0,140.94,139.78838,69721100.0,-0.0137850065
2022-12-08,142.36,143.52,141.1,142.65,141.48439,62128300.0,0.0121327285
2022-12-09,142.34,145.57,140.9,142.16,140.99841,76097000.0,-0.0034348466
2022-12-12,142.7,144.5,141.06,144.49,143.30937,70462700.0,0.016389964
2022-12-13,149.5,149.97,144.24,145.47,144.28136,93886200.0,0.0067824237
2022-12-14,145.35,146.66,141.16,143.21,142.03983,82291200.0,-0.015535835
2022-12-15,141.11,141.8,136.03,136.5,135.38467,98931900.0,-0.046854123
2022-12-16,136.69,137.65,133.73,134.51,133.4109,160156900.0,-0.014578978
2022-12-19,135.11,135.2,131.32,132.37,131.2884,79592600.0,-0.015909476
2022-12-20,131.39,133.25,129.89,132.3,131.21896,77432800.0,-0.00052893284
2022-12-21,132.98,136.81,132.75,135.45,134.3432,85928000.0,0.023809342
2022-12-22,134.35,134.56,130.3,132.23,131.14954,77852100.0,-0.023772432
2022-12-23,130.92,132.42,129.64,131.86,130.78258,63814900.0,-0.0027980169
2022-12-27,131.38,131.41,128.72,130.03,128.96751,69007800.0,-0.0138784805
2022-12-28,129.67,131.03,125.87,126.04,125.010124,85438400.0,-0.030685168
2022-12-29,127.99,130.48,127.73,129.61,128.55095,75703700.0,0.028324304
2022-12-30,128.41,129.95,127.43,129.93,128.86833,77034200.0,0.0024689261
